﻿Source Page URL,Broken Link URL,Anchor Text / Current Value,Link Type,Status Code
https://hosninsurance.ae/,https://www.instagram.com/hosninsurance,(no anchor text),External,429
https://hosninsurance.ae/services-hosn-al-sharjah-insurance,https://www.instagram.com/hosninsurance,(no anchor text),External,429
https://hosninsurance.ae/about-hosn-al-sharjah-insurance,https://www.instagram.com/hosninsurance,(no anchor text),External,429
https://hosninsurance.ae/contact-us,https://www.instagram.com/hosninsurance,(no anchor text),External,429
https://hosninsurance.ae/blogs,https://www.instagram.com/hosninsurance,(no anchor text),External,429
https://hosninsurance.ae/services-hosn-al-sharjah-insurance/,https://www.instagram.com/hosninsurance,(no anchor text),External,429
https://hosninsurance.ae/about-hosn-al-sharjah-insurance/,https://www.instagram.com/hosninsurance,(no anchor text),External,429
https://hosninsurance.ae/blog-article,https://www.instagram.com/hosninsurance,(no anchor text),External,429
https://hosninsurance.ae/author/0xdanielimad,https://www.instagram.com/hosninsurance,(no anchor text),External,429
https://hosninsurance.ae/category/uncategorized,https://www.instagram.com/hosninsurance,(no anchor text),External,429
